<?xml version="1.0" encoding="UTF-8" ?>
<!DOCTYPE mapper
      PUBLIC "-//mybatis.org//DTD Mapper 3.0//EN"
   "http://mybatis.org/dtd/mybatis-3-mapper.dtd">

<mapper namespace="mapper.member">
	<resultMap id="memResult" type="memberVO">
		<result property="id" column="id" />
		<result property="pwd" column="pwd" />
		<result property="name" column="name" />
		<result property="email" column="email" />
		<result property="joinDate" column="joinDate" />
	</resultMap>

	<!-- 새로 한거 -->


	<resultMap id="recResult" type="memberVO">
		<result property="recipe_id" column="recipe_id" />
		<result property="member_id" column="member_id" />
		<result property="recipe_name" column="recipe_name" />
	</resultMap>

	<select id="selectAllRecipeList" resultMap="recResult">
      <![CDATA[
         select * from recipe
      ]]>
	</select>
	<!-- -->


	<select id="selectAllMemberList" resultMap="memResult">
      <![CDATA[
         select * from member	order by joinDate desc	 	
      ]]>
	</select>

	<insert id="insertMember" parameterType="memberVO">
		<![CDATA[
		 insert into member(id,pwd, name, email)
		 values(#{id}, #{pwd}, #{name}, #{email})
		]]>
	</insert>


	<update id="updateMember" parameterType="memberVO">
     <![CDATA[
	     update member
	     set pwd=#{pwd}, name=#{name}, email=#{email}
	     where
	     id=#{id}
      ]]>
	</update>

	<delete id="deleteMember" parameterType="String">
	<![CDATA[
	   delete from  member
	   where
	   id=#{id}
	]]>
	</delete>
	<select id="loginById" resultType="memberVO"
		parameterType="memberVO">
	<![CDATA[
		select * from member	
		where id=#{id} and pwd=#{pwd}		
	]]>
	</select>
	<select id="selectById" resultType="memberVO" parameterType="String">
	<![CDATA[
		select * from member	
		where id=#{id}	
	]]>
	</select>
	

</mapper>